Time,Sales Rank,New Price,List Price
"5/12/2024, 7:20:39 PM",61587,,
"5/13/2024, 1:21:28 AM",61350,,
"5/13/2024, 7:22:21 AM",61285,,
"5/13/2024, 1:23:06 PM",61319,,
"5/13/2024, 7:23:36 PM",61112,,
"5/14/2024, 1:24:23 AM",61148,,
"5/14/2024, 7:25:08 AM",61413,,
"5/14/2024, 1:25:47 PM",61484,,
"5/14/2024, 7:26:28 PM",61319,,
"5/15/2024, 1:27:22 AM",61587,,
"5/15/2024, 7:28:09 AM",61953,,
"5/15/2024, 1:28:42 PM",62031,,
"5/15/2024, 7:29:27 PM",61703,,
"5/16/2024, 1:30:22 AM",62372,,
"5/16/2024, 7:31:05 AM",62486,,
"5/16/2024, 1:31:45 PM",62533,,
"5/16/2024, 7:32:37 PM",62256,,
"5/17/2024, 1:33:34 AM",62673,,
"5/17/2024, 7:34:24 AM",62953,,
"5/17/2024, 1:35:12 PM",63006,,
"5/17/2024, 7:35:51 PM",62696,,
"5/18/2024, 1:36:37 AM",63344,,
"5/18/2024, 7:37:31 AM",63605,,
"5/18/2024, 1:38:22 PM",63564,,
"5/18/2024, 7:39:08 PM",63280,,
"5/19/2024, 1:39:41 AM",63690,,
"5/19/2024, 7:40:29 AM",63695,,
"5/19/2024, 1:41:20 PM",63667,,
"5/19/2024, 7:42:07 PM",63341,,
"5/20/2024, 1:42:55 AM",63608,,
"5/20/2024, 7:43:31 AM",63481,,
"5/20/2024, 1:44:23 PM",63241,,
"5/20/2024, 7:45:08 PM",63066,,
"5/21/2024, 1:45:52 AM",63615,,
"5/21/2024, 7:46:28 AM",63690,,
"5/21/2024, 1:47:13 PM",63558,,
"5/21/2024, 7:48:05 PM",63229,,
"5/22/2024, 1:48:46 AM",63723,,
"5/22/2024, 7:49:23 AM",63996,,
"5/22/2024, 1:50:08 PM",63789,,
"5/22/2024, 7:50:41 PM",63536,,
"5/23/2024, 1:51:29 AM",64160,,
"5/23/2024, 7:52:22 AM",64342,,
"5/23/2024, 1:53:11 PM",64191,,
"5/23/2024, 7:53:57 PM",63692,,
"5/24/2024, 1:54:31 AM",64277,,
"5/24/2024, 7:55:27 AM",64292,,
"5/24/2024, 1:56:13 PM",64165,,
"5/24/2024, 7:57:04 PM",63789,,
"5/25/2024, 1:57:41 AM",64464,,
"5/25/2024, 7:58:24 AM",64543,,
"5/25/2024, 1:59:12 PM",64456,,
"5/25/2024, 7:59:52 PM",64090,,
"5/26/2024, 2:00:28 AM",64415,,
"5/26/2024, 8:01:13 AM",64448,,
"5/26/2024, 2:02:04 PM",64334,,
"5/26/2024, 8:02:42 PM",63913,,
"5/27/2024, 2:03:30 AM",64162,,
"5/27/2024, 8:04:15 AM",64000,,
"5/27/2024, 2:05:05 PM",63881,,
"5/27/2024, 8:05:42 PM",63419,,
"5/28/2024, 2:06:24 AM",63629,,
"5/28/2024, 8:07:06 AM",63492,,
"5/28/2024, 2:10:38 PM",63193,,
"5/28/2024, 8:11:32 PM",62913,,
"5/29/2024, 2:12:26 AM",63452,,
"5/29/2024, 8:13:14 AM",63635,,
"5/29/2024, 2:14:08 PM",63300,,
"5/29/2024, 8:14:50 PM",63083,,
"5/30/2024, 2:15:40 AM",63848,,
"5/30/2024, 8:16:24 AM",64071,,
"5/30/2024, 2:17:10 PM",63914,,
"5/30/2024, 8:17:56 PM",63943,,
"5/31/2024, 2:18:36 AM",64220,,
"5/31/2024, 8:19:27 AM",64293,,1200
"5/31/2024, 2:20:21 PM",64116,,1200
"5/31/2024, 8:21:14 PM",64067,,1200
"6/1/2024, 2:22:06 AM",64274,,1200
"6/1/2024, 8:22:45 AM",64499,,1200
"6/1/2024, 2:23:36 PM",64414,,1200
"6/1/2024, 8:24:20 PM",64455,,1200
"6/2/2024, 2:25:07 AM",64587,,1200
"6/2/2024, 8:25:39 AM",64745,,1200
"6/2/2024, 2:26:28 PM",64624,,1200
"6/2/2024, 8:27:20 PM",64507,,1200
"6/3/2024, 2:28:06 AM",64600,,1200
"6/3/2024, 8:28:46 AM",64726,1379,1200
"6/3/2024, 2:29:27 PM",64598,1379,1200
"6/3/2024, 8:35:16 PM",64489,1379,1200
"6/4/2024, 2:36:04 AM",64807,1379,1200
"6/4/2024, 8:36:39 AM",65125,1379,1200
"6/4/2024, 2:37:24 PM",65019,1379,1200
"6/4/2024, 8:38:08 PM",65073,1379,1200
"6/5/2024, 2:38:36 AM",65221,1379,1200
"6/5/2024, 8:39:24 AM",65605,1399,1200
"6/5/2024, 2:40:14 PM",65426,1399,1200
"6/5/2024, 8:41:00 PM",65162,1399,1200
"6/6/2024, 2:41:42 AM",65720,1399,1200
"6/6/2024, 8:42:27 AM",65811,1399,1200
"6/6/2024, 2:43:13 PM",65689,1399,1200
"6/6/2024, 8:43:44 PM",65219,1399,1200
"6/7/2024, 2:44:30 AM",65900,1399,1200
"6/7/2024, 8:45:23 AM",66076,1399,1200
"6/7/2024, 2:46:06 PM",65909,1399,1200
"6/7/2024, 8:46:36 PM",65877,1399,1200
"6/8/2024, 2:47:30 AM",66202,1399,1200
"6/8/2024, 8:48:12 AM",66305,1399,1200
"6/8/2024, 2:48:52 PM",66183,1399,1200
"6/8/2024, 8:49:35 PM",65909,1399,1200
"6/9/2024, 2:50:28 AM",66269,1399,1200
"6/9/2024, 8:51:12 AM",66411,1399,1200
"6/9/2024, 2:52:03 PM",66221,1399,1200
"6/9/2024, 8:52:30 PM",66009,1399,1200
"6/10/2024, 2:53:22 AM",66032,1399,1200
"6/10/2024, 8:54:07 AM",66107,1399,1200
"6/10/2024, 2:54:54 PM",11500,1399,1200
"6/10/2024, 6:55:44 PM",12501,1399,1200
"6/10/2024, 10:56:37 PM",14596,1399,1200
"6/11/2024, 2:57:29 AM",17982,1399,1200
"6/11/2024, 7:00:43 AM",21006,1399,1200
"6/11/2024, 1:09:08 PM",25079,1399,1200
"6/11/2024, 7:10:05 PM",26446,1399,1200
"6/12/2024, 1:22:16 AM",11741,1399,1200
"6/12/2024, 5:23:07 AM",14520,1399,1200
"6/12/2024, 9:23:43 AM",17716,1399,1200
"6/12/2024, 1:25:51 PM",19024,1399,1200
"6/12/2024, 5:26:28 PM",8247,1399,1200
"6/12/2024, 9:27:12 PM",9279,1399,1200
"6/13/2024, 1:27:59 AM",11936,1399,1200
"6/13/2024, 5:28:43 AM",17758,1399,1200
"6/13/2024, 9:29:26 AM",19655,1399,1200
"6/13/2024, 5:41:34 PM",20674,1399,1200
"6/13/2024, 11:45:38 PM",22373,1399,1200
"6/14/2024, 5:46:28 AM",24730,1399,1200
"6/14/2024, 11:47:23 AM",25750,1399,1200
"6/14/2024, 5:48:15 PM",26477,1399,1200
"6/14/2024, 11:49:04 PM",27986,1399,1200
"6/15/2024, 5:49:54 AM",30627,1399,1200
"6/15/2024, 11:50:45 AM",32413,1399,1200
"6/15/2024, 5:51:30 PM",32639,1399,1200
"6/15/2024, 11:52:24 PM",33801,1399,1200
"6/16/2024, 5:53:08 AM",35394,1399,1200
"6/16/2024, 11:53:46 AM",36441,1399,1200
"6/16/2024, 5:54:38 PM",36511,1399,1200
"6/16/2024, 11:55:28 PM",37173,1399,1200
"6/17/2024, 5:56:21 AM",38308,1399,1200
"6/17/2024, 11:57:05 AM",38968,1399,1200
"6/17/2024, 5:57:55 PM",39480,1399,1200
"6/17/2024, 11:58:40 PM",40499,1399,1200
"6/18/2024, 5:59:33 AM",42302,1399,1200
"6/18/2024, 12:00:26 PM",43386,1399,1200
"6/18/2024, 6:01:26 PM",43406,1399,1200
"6/19/2024, 12:02:15 AM",44215,1399,1200
"6/19/2024, 6:03:15 AM",44890,1399,1200
"6/19/2024, 12:03:56 PM",46255,1399,1200
"6/19/2024, 6:04:51 PM",46389,1399,1200
"6/20/2024, 12:05:43 AM",47315,1399,1200
"6/20/2024, 6:06:41 AM",48474,1399,1200
"6/20/2024, 12:07:28 PM",48977,1399,1200
"6/20/2024, 6:08:17 PM",48987,1399,1200
"6/21/2024, 12:16:47 AM",49586,1399,1200
"6/21/2024, 7:03:22 AM",50422,1399,1200
"6/21/2024, 1:04:07 PM",50698,1399,1200
"6/21/2024, 7:04:42 PM",50547,1399,1200
"6/22/2024, 1:05:31 AM",51009,1399,1200
"6/22/2024, 7:06:47 AM",51961,1399,1200
"6/22/2024, 1:07:25 PM",52229,1399,1200
"6/22/2024, 7:08:13 PM",52053,1399,1200
"6/23/2024, 1:09:05 AM",52270,1399,1200
"6/23/2024, 7:10:20 AM",9862,1399,1200
"6/23/2024, 11:11:03 AM",12540,1399,1200
"6/23/2024, 3:11:38 PM",14238,1399,1200
"6/23/2024, 7:12:30 PM",15203,1399,1200
"6/23/2024, 11:13:21 PM",16466,1399,1200
"6/24/2024, 3:14:06 AM",19926,1399,1200
"6/24/2024, 7:15:18 AM",21559,1399,1200
"6/24/2024, 1:16:04 PM",23396,1399,1200
"6/24/2024, 7:17:01 PM",24583,1399,1200
"6/25/2024, 1:17:29 AM",27358,1399,1200
"6/25/2024, 7:19:31 AM",30488,1399,1200
"6/25/2024, 1:20:26 PM",31620,1399,1200
"6/25/2024, 7:21:13 PM",32480,1399,1200
"6/26/2024, 1:22:04 AM",34809,1399,1200
"6/26/2024, 7:23:13 AM",37121,1399,1200
"6/26/2024, 1:24:03 PM",37946,1399,1200
"6/26/2024, 7:24:43 PM",38824,1399,1200
"6/27/2024, 1:25:26 AM",40818,1399,1200
"6/27/2024, 7:26:30 AM",42606,1399,1200
"6/27/2024, 1:27:38 PM",43321,1399,1200
"6/27/2024, 7:28:32 PM",43787,1399,1200
"6/28/2024, 1:29:24 AM",45406,1399,1200
"6/28/2024, 7:30:18 AM",46797,1399,1200
"6/28/2024, 1:31:04 PM",47556,1399,1200
"6/28/2024, 7:31:49 PM",47684,1399,1200
"6/29/2024, 1:32:28 AM",49002,1399,1200
"6/29/2024, 7:33:22 AM",49860,1399,1200
"6/29/2024, 1:34:08 PM",50208,1399,1200
"6/29/2024, 7:34:50 PM",50083,1399,1200
"6/30/2024, 1:35:39 AM",50666,1399,1200
"6/30/2024, 7:36:35 AM",51354,1399,1200
"6/30/2024, 1:37:27 PM",51622,1399,1200
"6/30/2024, 7:38:21 PM",51296,1399,1200
"7/1/2024, 1:39:11 AM",51724,1399,1200
"7/1/2024, 7:40:20 AM",52306,1399,1200
"7/1/2024, 1:41:07 PM",52491,1399,1200
"7/1/2024, 7:41:58 PM",52191,1399,1200
"7/2/2024, 1:42:41 AM",52636,1399,1200
"7/2/2024, 7:46:18 AM",53206,1399,1200
"7/2/2024, 1:47:07 PM",53034,1399,1200
"7/2/2024, 7:47:58 PM",52871,1399,1200
"7/3/2024, 1:48:35 AM",53440,1399,1200
"7/3/2024, 7:49:41 AM",53900,1399,1200
"7/3/2024, 1:50:41 PM",54048,1399,1200
"7/3/2024, 7:51:27 PM",53850,1399,1200
"7/4/2024, 1:52:12 AM",53699,1399,1200
"7/4/2024, 8:01:07 AM",53049,1399,1200
"7/4/2024, 2:01:54 PM",54649,1399,1200
"7/4/2024, 8:02:42 PM",54747,1399,1200
"7/5/2024, 2:03:29 AM",55283,1399,1200
"7/5/2024, 8:04:44 AM",55359,1399,1200
"7/5/2024, 2:05:47 PM",55376,1399,1200
"7/5/2024, 8:06:37 PM",55083,1399,1200
"7/6/2024, 2:07:29 AM",55977,1399,1200
"7/6/2024, 8:08:32 AM",56174,1399,1200
"7/6/2024, 2:09:31 PM",56314,1399,1200
"7/6/2024, 8:10:24 PM",55941,1399,1200
"7/7/2024, 2:11:11 AM",56418,1399,1200
"7/7/2024, 8:12:16 AM",56575,1399,1200
"7/7/2024, 2:13:07 PM",56521,1399,1200
"7/7/2024, 8:13:45 PM",56030,1399,1200
"7/8/2024, 2:14:39 AM",56474,1399,1200
"7/8/2024, 8:15:53 AM",56658,1399,1200
"7/8/2024, 2:16:47 PM",56649,1399,1200
"7/8/2024, 8:17:31 PM",56151,1399,1200
"7/9/2024, 2:18:21 AM",56637,1399,1200
"7/9/2024, 8:19:16 AM",57315,1399,1200
"7/9/2024, 2:20:07 PM",57308,1399,1200
"7/9/2024, 8:20:47 PM",57336,1399,1200
"7/10/2024, 3:06:43 AM",57887,1399,1200
"7/10/2024, 9:29:40 AM",58127,1399,1200
"7/10/2024, 3:30:20 PM",58195,1399,1200
"7/10/2024, 9:31:06 PM",58417,1399,1200
"7/11/2024, 3:31:32 AM",58983,1399,1200
"7/11/2024, 9:32:23 AM",59334,1399,1200
"7/11/2024, 3:33:11 PM",59428,1399,1200
"7/11/2024, 9:33:42 PM",59152,1399,1200
"7/12/2024, 3:34:26 AM",59964,1399,1200
"7/12/2024, 9:35:13 AM",10626,1399,1200
"7/12/2024, 1:36:04 PM",12716,1399,1200
"7/12/2024, 5:36:52 PM",13820,1399,1200
"7/12/2024, 9:37:39 PM",15590,1399,1200
"7/13/2024, 1:38:27 AM",18095,1399,1200
"7/13/2024, 5:39:12 AM",20700,1399,1200
"7/13/2024, 11:40:06 AM",8645,1399,1200
"7/13/2024, 3:40:43 PM",10236,1399,1200
"7/13/2024, 7:41:36 PM",11073,1399,1200
"7/13/2024, 11:42:29 PM",14007,1399,1200
"7/14/2024, 3:43:21 AM",16085,1399,1200
"7/14/2024, 7:44:13 AM",18286,1399,1200
"7/14/2024, 11:45:06 AM",19660,1399,1200
"7/14/2024, 3:45:43 PM",20376,1399,1200
"7/14/2024, 9:46:25 PM",20993,1399,1200
"7/15/2024, 3:47:11 AM",23271,1399,1200
"7/15/2024, 9:47:53 AM",25522,1399,1200
"7/15/2024, 3:48:39 PM",26492,1399,1200
"7/15/2024, 9:49:37 PM",26877,1399,1200
"7/16/2024, 3:50:25 AM",30026,1399,1200
"7/16/2024, 9:52:13 AM",32247,1399,1200
"7/16/2024, 3:53:04 PM",32871,1399,1200
"7/16/2024, 9:53:46 PM",35586,1399,1200
"7/17/2024, 3:54:28 AM",39508,1399,1200
"7/17/2024, 9:56:50 AM",43225,1399,1200
"7/17/2024, 3:57:38 PM",44185,1399,1200
"7/17/2024, 9:58:31 PM",46178,1399,1200
"7/18/2024, 3:59:24 AM",48698,1395,1200
"7/18/2024, 10:00:39 AM",50271,1395,1200
"7/18/2024, 4:01:26 PM",52181,1395,1200
"7/18/2024, 10:02:13 PM",53487,1395,1200
"7/19/2024, 4:03:05 AM",54232,1395,1200
"7/19/2024, 10:04:49 AM",15402,1395,1200
"7/19/2024, 2:05:45 PM",17566,1395,1200
"7/19/2024, 6:06:34 PM",19066,1395,1200
"7/19/2024, 10:07:26 PM",22610,1395,1200
"7/20/2024, 4:08:13 AM",24659,1395,1200
"7/20/2024, 10:08:53 AM",27437,1395,1200
"7/20/2024, 4:09:38 PM",29110,1395,1200
"7/20/2024, 10:10:26 PM",30624,1395,1200
"7/21/2024, 4:11:07 AM",31542,1395,1200
"7/21/2024, 10:12:02 AM",13813,1395,1200
"7/21/2024, 2:12:41 PM",34381,1395,1200
"7/21/2024, 8:13:32 PM",34869,1395,1200
"7/22/2024, 2:14:23 AM",36797,1395,1200
"7/22/2024, 8:16:15 AM",13222,1395,1200
"7/22/2024, 12:17:28 PM",15422,1395,1200
"7/22/2024, 4:18:23 PM",16421,1395,1200
"7/22/2024, 8:20:13 PM",17279,1395,1200
"7/23/2024, 12:21:30 AM",19449,1395,1200
"7/23/2024, 4:22:22 AM",21633,1395,1200
"7/23/2024, 10:23:13 AM",25303,1395,1200
"7/23/2024, 4:24:06 PM",27017,1395,1200
"7/23/2024, 10:24:43 PM",28688,1395,1200
"7/24/2024, 4:25:26 AM",31834,1395,1200
"7/24/2024, 10:26:14 AM",33045,1395,1200
"7/24/2024, 4:27:14 PM",34401,1395,1200
"7/24/2024, 10:28:13 PM",35715,1395,1200
"7/25/2024, 4:29:05 AM",38451,1395,1200
"7/25/2024, 10:37:06 AM",39375,1395,1200
"7/25/2024, 4:37:53 PM",40414,1395,1200
"7/25/2024, 10:38:46 PM",10345,1395,1200
"7/26/2024, 2:39:27 AM",14684,1395,1200
"7/26/2024, 6:40:22 AM",18049,1395,1200
"7/26/2024, 10:41:31 AM",20394,1395,1200
"7/26/2024, 4:42:24 PM",22887,1395,1200
"7/26/2024, 10:43:14 PM",25075,1395,1200
"7/27/2024, 4:44:04 AM",28428,1395,1200
"7/27/2024, 10:44:47 AM",29532,1395,1200
"7/27/2024, 4:45:26 PM",30544,1395,1200
"7/27/2024, 10:46:12 PM",31560,1395,1200
"7/28/2024, 4:47:03 AM",32590,1395,1200
"7/28/2024, 10:47:39 AM",13318,1395,1200
"7/28/2024, 2:48:27 PM",14962,1395,1200
"7/28/2024, 6:49:22 PM",16438,1395,1200
"7/28/2024, 10:50:12 PM",17573,1395,1200
"7/29/2024, 2:51:04 AM",19429,1395,1200
"7/29/2024, 6:52:12 AM",21021,1395,1200
"7/29/2024, 12:53:04 PM",23827,1395,1200
"7/29/2024, 6:54:02 PM",24760,1395,1200
"7/30/2024, 12:55:01 AM",26129,1395,1200
"7/30/2024, 6:55:59 AM",30012,1395,1200
"7/30/2024, 12:56:47 PM",32213,1395,1200
"7/30/2024, 6:57:45 PM",32564,1395,1200
"7/31/2024, 12:58:48 AM",34537,1395,1200
"7/31/2024, 6:59:39 AM",36683,1395,1200
"7/31/2024, 1:00:37 PM",38013,1395,1200
"7/31/2024, 7:01:28 PM",38604,1395,1200
"8/1/2024, 1:02:33 AM",40561,1395,1200
"8/1/2024, 7:03:23 AM",42370,1395,1200
"8/1/2024, 1:04:12 PM",42990,1395,1200
"8/1/2024, 7:05:04 PM",43450,1395,1200
"8/2/2024, 1:05:57 AM",45208,1395,1200
"8/2/2024, 7:06:36 AM",46839,1395,1200
"8/2/2024, 1:07:24 PM",47222,1395,1200
"8/2/2024, 7:08:14 PM",47144,1395,1200
"8/3/2024, 1:09:14 AM",48276,1395,1200
"8/3/2024, 7:10:06 AM",48957,1395,1200
"8/3/2024, 1:10:46 PM",49866,1395,1200
"8/3/2024, 7:11:39 PM",49868,1395,1200
"8/4/2024, 1:12:32 AM",50489,1395,1200
"8/4/2024, 7:13:23 AM",50797,1395,1200
"8/4/2024, 1:14:20 PM",51121,1395,1200
"8/4/2024, 7:15:11 PM",50973,1395,1200
"8/5/2024, 1:15:47 AM",51369,1395,1200
"8/5/2024, 7:16:31 AM",51852,1395,1200
"8/5/2024, 1:17:26 PM",52074,1395,1200
"8/5/2024, 7:18:20 PM",52437,1395,1200
"8/6/2024, 1:19:07 AM",53202,1395,1200
"8/6/2024, 7:19:55 AM",54205,1395,1200
"8/6/2024, 1:20:46 PM",54414,1395,1200
"8/6/2024, 7:21:45 PM",53955,1395,1200
"8/7/2024, 1:39:33 AM",54632,1395,1200
"8/7/2024, 7:40:44 AM",54480,1395,1200
"8/7/2024, 1:41:22 PM",54124,1395,1200
"8/7/2024, 7:42:12 PM",53251,1395,1200
"8/8/2024, 1:45:00 AM",52676,1395,1200
"8/8/2024, 7:45:42 AM",52336,1395,1200
"8/10/2024, 1:58:35 AM",56974,1395,1200
"8/11/2024, 2:03:13 AM",17049,1395,1200
"8/11/2024, 6:04:05 AM",19720,1395,1200
"8/11/2024, 10:04:40 AM",21832,1395,1200
"8/11/2024, 4:05:40 PM",24211,1395,1200
"8/11/2024, 10:06:13 PM",26443,1395,1200
"8/12/2024, 4:07:03 AM",27932,1395,1200
"8/12/2024, 10:07:37 AM",30884,1395,1200
"8/12/2024, 4:14:59 PM",32198,1395,1200
"8/12/2024, 10:15:43 PM",32659,1395,1200
"8/13/2024, 4:23:18 AM",35740,1395,1200
"8/13/2024, 10:24:07 AM",38481,1395,1200
"8/13/2024, 4:24:44 PM",11922,1395,1200
"8/13/2024, 8:25:29 PM",14365,1395,1200
"8/14/2024, 12:26:27 AM",17386,1395,1200
"8/14/2024, 4:27:14 AM",20466,1395,1200
"8/14/2024, 10:28:13 AM",24835,1395,1200
"8/14/2024, 4:29:04 PM",26531,1395,1200
"8/14/2024, 10:29:41 PM",27320,1395,1200
"8/15/2024, 4:30:28 AM",31178,1395,1200
"8/15/2024, 10:31:19 AM",10736,1395,1200
"8/15/2024, 2:32:12 PM",12333,1395,1200
"8/15/2024, 6:32:56 PM",13317,1395,1200
"8/15/2024, 10:33:45 PM",15874,1395,1200
"8/16/2024, 2:34:47 AM",8057,1395,1200
"8/16/2024, 6:35:41 AM",10935,1395,1200
"8/16/2024, 10:36:32 AM",13132,1395,1200
"8/16/2024, 2:37:28 PM",15680,1395,1200
"8/16/2024, 6:57:14 PM",16529,1395,1200
"8/19/2024, 1:15:01 PM",34408,1395,1200
"8/19/2024, 8:38:38 PM",35018,1395,1200
"8/20/2024, 2:39:25 AM",36408,1395,1200
"8/20/2024, 8:42:41 AM",39304,1395,1200
"8/20/2024, 3:41:20 PM",40165,1395,1200
"8/22/2024, 4:41:47 AM",23296,1395,1200
"8/22/2024, 10:55:51 AM",29787,1395,1200
"8/22/2024, 5:12:13 PM",31738,1395,1200
"8/22/2024, 11:13:03 PM",32604,1395,1200
"8/23/2024, 5:13:29 AM",35654,1395,1200
"8/23/2024, 11:22:25 AM",36608,1395,1200
"8/23/2024, 5:40:56 PM",37648,1395,1200
"8/24/2024, 5:42:14 AM",40540,1395,1200
"8/24/2024, 11:56:30 AM",41971,1395,1200
"8/24/2024, 6:17:23 PM",42271,1395,1200
"8/25/2024, 12:18:07 AM",42989,1395,1200
"8/25/2024, 6:18:39 AM",44018,1395,1200
"8/25/2024, 12:26:43 PM",9893,1395,1200
"8/25/2024, 4:33:00 PM",10573,1395,1200
"8/25/2024, 8:40:30 PM",12066,1395,1200
"8/26/2024, 12:41:09 AM",14275,1395,1200
"8/26/2024, 4:42:04 AM",18140,1395,1200
"8/26/2024, 8:42:56 AM",21042,1395,1200
"8/26/2024, 2:55:14 PM",23283,1395,1200
"8/26/2024, 9:18:45 PM",24740,1395,1200
"8/27/2024, 3:19:08 AM",26062,1395,1200
"8/27/2024, 9:19:58 AM",30730,1395,1200
"8/27/2024, 3:41:30 PM",32327,1395,1200
"8/27/2024, 9:56:49 PM",33205,1395,1200
"8/28/2024, 3:57:22 AM",35470,1395,1200
"8/28/2024, 9:59:00 AM",35857,1395,1200
"8/28/2024, 4:11:33 PM",38528,1395,1200
"8/28/2024, 10:20:38 PM",39538,1395,1200
"8/29/2024, 4:21:22 AM",40974,1395,1200
"8/29/2024, 10:22:12 AM",42903,1395,1200
"8/30/2024, 4:40:26 AM",45790,1395,1200
"8/30/2024, 10:41:13 AM",46226,1395,1200
"8/30/2024, 4:47:30 PM",47017,1395,1200
"8/30/2024, 10:49:30 PM",47851,1395,1200
"8/31/2024, 4:50:22 AM",48885,1395,1200
"8/31/2024, 10:51:12 AM",49549,1395,1200
"8/31/2024, 4:52:16 PM",49684,1395,1200
"8/31/2024, 10:53:11 PM",49943,1395,1200
"9/1/2024, 4:54:04 AM",50401,1395,1200
"9/1/2024, 10:54:46 AM",50665,1395,1200
"9/1/2024, 4:56:35 PM",50519,1395,1200
"9/1/2024, 10:57:25 PM",50701,1395,1200
"9/2/2024, 4:58:07 AM",51067,1395,1200
"9/2/2024, 10:58:50 AM",51211,1395,1200
"9/2/2024, 5:03:30 PM",50799,1395,1200
"9/2/2024, 11:13:14 PM",51024,1395,1200
"9/3/2024, 5:14:07 AM",51458,1395,1200
"9/3/2024, 11:24:34 AM",52011,1395,1200
"9/3/2024, 5:46:11 PM",51577,1395,1200
"9/4/2024, 12:38:18 AM",51998,1395,1200
"9/4/2024, 6:39:05 AM",53091,1395,1200
"9/4/2024, 12:39:40 PM",53179,1395,1200
"9/4/2024, 7:06:14 PM",52689,1395,1200
"9/5/2024, 1:10:27 AM",53362,1395,1200
"9/5/2024, 7:11:07 AM",54102,1395,1200
"9/5/2024, 1:12:56 PM",54403,1395,1200
"9/6/2024, 12:14:38 AM",54783,1395,1200
"9/6/2024, 6:15:09 AM",55319,1395,1200
"9/6/2024, 12:30:11 PM",55765,1395,1200
"9/6/2024, 6:30:53 PM",55664,1395,1200
"9/7/2024, 12:52:19 AM",56277,1395,1200
"9/7/2024, 7:00:31 AM",56823,1395,1200
"9/7/2024, 1:03:18 PM",57038,1395,1200
"9/7/2024, 7:12:43 PM",56931,1395,1200
"9/8/2024, 1:19:58 AM",57371,1395,1200
"9/8/2024, 7:22:30 AM",57556,1395,1200
"9/8/2024, 1:23:57 PM",57560,1395,1200
"9/8/2024, 7:33:41 PM",57380,1395,1200
"9/9/2024, 1:41:10 AM",57702,1395,1200
"9/9/2024, 7:42:03 AM",57864,1395,1200
"9/9/2024, 1:44:15 PM",57904,1395,1200
"9/9/2024, 7:56:51 PM",57604,1395,1200
"9/10/2024, 2:07:52 AM",13384,1395,1200
"9/10/2024, 6:25:11 AM",17251,1395,1200
"9/10/2024, 10:25:41 AM",10607,1395,1200
"9/10/2024, 2:26:21 PM",11027,1395,1200
"9/10/2024, 6:27:53 PM",12398,1395,1200
"9/10/2024, 10:42:16 PM",13376,1395,1200
"9/11/2024, 2:54:34 AM",17884,1395,1200
"9/11/2024, 7:04:23 AM",20522,1395,1200
"9/11/2024, 2:49:47 PM",23397,1395,1200
"9/11/2024, 9:01:59 PM",25025,1395,1200
"9/12/2024, 3:03:09 AM",26591,1395,1200
"9/12/2024, 9:33:13 AM",27992,1395,1200
"9/12/2024, 3:34:04 PM",29315,1395,1200
"9/12/2024, 10:01:45 PM",30742,1395,1200
"9/13/2024, 4:02:54 AM",33400,1395,1200
"9/13/2024, 10:05:15 AM",34677,1395,1200
"9/13/2024, 4:06:05 PM",35283,1395,1200
"9/13/2024, 10:19:41 PM",36453,1395,1200
"9/14/2024, 4:20:31 AM",37071,1395,1200
"9/14/2024, 10:25:59 AM",39847,1395,1200
"9/14/2024, 4:26:37 PM",40752,1395,1200
"9/14/2024, 10:32:10 PM",41714,1395,1200
"9/15/2024, 4:32:58 AM",42847,1395,1200
"9/15/2024, 10:35:20 AM",43764,1395,1200
"9/15/2024, 4:36:07 PM",44040,1395,1200
"9/15/2024, 10:39:02 PM",44716,1395,1200
"9/16/2024, 4:39:46 AM",45556,1395,1200
"9/16/2024, 10:40:53 AM",46148,1395,1200
"9/16/2024, 4:41:30 PM",46721,1395,1200
"9/16/2024, 10:52:10 PM",47342,1395,1200
"9/17/2024, 4:57:33 AM",48253,1395,1200
"9/17/2024, 11:08:19 AM",49007,1395,1200
"9/17/2024, 5:09:07 PM",49058,1395,1200
"9/17/2024, 11:37:06 PM",49773,1395,1200
"9/18/2024, 5:58:21 AM",51006,1395,1200
"9/18/2024, 11:59:06 AM",51340,1395,1200
"9/18/2024, 5:59:42 PM",51042,1395,1200
"9/19/2024, 12:00:27 AM",51053,1395,1200
"9/19/2024, 6:02:45 AM",52656,1395,1200
"9/19/2024, 12:03:23 PM",53161,1395,1200
"9/19/2024, 6:04:07 PM",52958,1395,1200
"9/20/2024, 6:05:39 AM",54286,1395,1200
"9/20/2024, 12:06:22 PM",54778,1395,1200
"9/20/2024, 6:07:07 PM",54790,1395,1200
"9/21/2024, 12:07:41 AM",55157,1395,1200
"9/21/2024, 6:08:35 AM",55916,1395,1200
"9/21/2024, 12:09:19 PM",56125,1395,1200
"9/21/2024, 6:10:06 PM",56003,1395,1200
"9/22/2024, 12:10:33 AM",56204,1395,1200
"9/22/2024, 6:11:30 AM",56274,1395,1200
"9/22/2024, 12:12:21 PM",56300,1395,1200
"9/22/2024, 6:13:05 PM",56028,1395,1200
"9/23/2024, 12:13:40 AM",10104,1395,1200
"9/23/2024, 4:14:35 AM",13265,1395,1200
"9/23/2024, 8:15:32 AM",16200,1395,1200
"9/23/2024, 12:16:07 PM",18621,1395,1200
"9/23/2024, 4:16:43 PM",19828,1395,1200
"9/23/2024, 8:17:34 PM",20672,1395,1200
"9/24/2024, 2:20:36 AM",25310,1395,1200
"9/24/2024, 8:21:44 AM",28149,1395,1200
"9/24/2024, 2:22:21 PM",29676,1395,1200
"9/24/2024, 8:23:09 PM",30373,1395,1200
"9/25/2024, 2:24:00 AM",33329,1395,1200
"9/25/2024, 8:25:19 AM",35204,1395,1200
"9/25/2024, 2:26:04 PM",36323,1395,1200
"9/25/2024, 8:26:41 PM",37269,1395,1200
"9/26/2024, 2:27:34 AM",38782,1395,1200
"9/26/2024, 8:30:22 AM",41026,1395,1200
"9/26/2024, 2:31:04 PM",42088,1395,1200
"9/26/2024, 8:31:42 PM",42931,1395,1200
"9/27/2024, 2:34:16 AM",44412,1395,1200
"9/27/2024, 8:35:04 AM",46347,1395,1200
"9/27/2024, 2:35:25 PM",47060,1395,1200
"9/27/2024, 8:36:16 PM",47417,1395,1200
"9/28/2024, 2:37:14 AM",48501,1395,1200
"9/28/2024, 8:38:04 AM",49464,1395,1200
"9/28/2024, 2:38:34 PM",50195,1395,1200
"9/28/2024, 8:39:26 PM",50278,1395,1200
"9/29/2024, 2:40:17 AM",51425,1395,1200
"9/29/2024, 8:41:05 AM",51944,1395,1200
"9/29/2024, 2:41:25 PM",52305,1395,1200
"9/29/2024, 8:42:21 PM",52160,1395,1200
"9/30/2024, 2:46:34 AM",52643,1395,1200
"9/30/2024, 8:47:26 AM",53195,1395,1200
"9/30/2024, 2:48:07 PM",53487,1395,1200
"9/30/2024, 9:01:41 PM",53324,1395,1200
"10/1/2024, 3:27:43 AM",53849,1395,1200
"10/1/2024, 9:43:23 AM",54753,1395,1200
"10/1/2024, 3:44:14 PM",54867,1395,1200
"10/1/2024, 9:45:07 PM",54823,1395,1200
"10/2/2024, 3:50:47 AM",55340,1395,1200
"10/2/2024, 9:51:33 AM",56161,1395,1200
"10/2/2024, 3:52:20 PM",56048,1395,1200
"10/2/2024, 9:53:14 PM",56439,1395,1200
"10/3/2024, 3:58:15 AM",57018,1395,1200
"10/3/2024, 9:59:01 AM",57251,1395,1200
"10/3/2024, 3:59:34 PM",57085,1395,1200
"10/3/2024, 10:00:27 PM",56983,1395,1200
"10/4/2024, 4:01:20 AM",58208,1395,1200
"10/4/2024, 10:02:04 AM",58436,1395,1200
"10/4/2024, 4:02:35 PM",58380,1395,1200
"10/4/2024, 10:03:12 PM",58287,1395,1200
"10/5/2024, 4:03:52 AM",59198,1395,1200
"10/5/2024, 10:04:36 AM",59509,1395,1200
"10/5/2024, 4:05:06 PM",59376,1395,1200
"10/5/2024, 10:05:37 PM",59088,1395,1200
"10/6/2024, 4:06:21 AM",59620,1395,1200
"10/6/2024, 4:07:25 PM",59509,1395,1200
"10/6/2024, 10:08:14 PM",59485,1395,1200
"10/7/2024, 4:09:04 AM",59622,1395,1200
"10/7/2024, 10:09:35 AM",59793,1395,1200
"10/7/2024, 4:10:10 PM",59436,1395,1200
"10/7/2024, 10:10:48 PM",59124,1395,1200
"10/8/2024, 4:11:28 AM",59656,1395,1200
"10/8/2024, 10:12:07 AM",60072,1395,1200
"10/8/2024, 4:12:28 PM",59806,1395,1200
"10/8/2024, 10:13:20 PM",60224,1395,1200
"10/9/2024, 4:14:04 AM",61033,1395,1200
"10/9/2024, 10:14:56 AM",61639,1395,1200
"10/9/2024, 4:16:23 PM",61564,1395,1200
"10/9/2024, 10:17:08 PM",61894,1395,1200
"10/10/2024, 4:18:27 AM",12393,1395,1200
"10/10/2024, 8:19:39 AM",17245,1395,1200
"10/10/2024, 12:20:08 PM",21839,1395,1200
"10/10/2024, 6:20:42 PM",23590,1395,1200
"10/11/2024, 12:26:48 AM",25257,1395,1200
"10/11/2024, 6:27:26 AM",29146,1395,1200
"10/11/2024, 12:28:17 PM",30466,1395,1200
"10/11/2024, 6:29:04 PM",31659,1395,1200
"10/12/2024, 6:30:22 AM",35546,1395,1200
"10/12/2024, 12:31:05 PM",36781,1395,1200
"10/12/2024, 6:31:25 PM",37344,1395,1200
"10/13/2024, 12:32:11 AM",38462,1395,1200
"10/13/2024, 6:32:40 AM",39674,1395,1200
"10/13/2024, 12:33:33 PM",40110,1395,1200
"10/13/2024, 6:34:19 PM",41595,1395,1200
"10/14/2024, 12:35:04 AM",42848,1395,1200
"10/14/2024, 6:35:39 AM",44286,1395,1200
"10/14/2024, 12:36:33 PM",45230,1395,1200
"10/14/2024, 6:37:17 PM",45620,1395,1200
"10/15/2024, 12:38:04 AM",46776,1395,1200
"10/15/2024, 6:38:43 AM",48247,1395,1200
"10/15/2024, 12:39:22 PM",49189,1395,1200
"10/15/2024, 6:40:38 PM",49392,1395,1200
"10/16/2024, 12:41:28 AM",49623,1395,1200
"10/16/2024, 6:42:30 AM",52099,1395,1200
"10/16/2024, 12:43:07 PM",52559,1395,1200
"10/16/2024, 6:43:37 PM",52682,1395,1200
"10/17/2024, 12:44:23 AM",53577,1395,1200
"10/17/2024, 6:45:09 AM",54288,1395,1200
"10/17/2024, 12:45:36 PM",54990,1395,1200
"10/17/2024, 6:46:19 PM",55085,1395,1200
"10/18/2024, 12:47:05 AM",55241,1395,1200
"10/18/2024, 6:47:50 AM",56663,1395,1200
"10/18/2024, 12:48:22 PM",57047,1395,1200
"10/18/2024, 6:49:05 PM",56994,1395,1200
"10/19/2024, 12:49:38 AM",57846,1395,1200
"10/19/2024, 6:50:36 AM",58373,1395,1200
"10/19/2024, 12:51:20 PM",58578,1395,1200
"10/19/2024, 6:52:05 PM",58451,1395,1200
"10/20/2024, 12:52:37 AM",58674,1395,1200
"10/20/2024, 6:53:33 AM",59282,1395,1200
"10/20/2024, 12:54:20 PM",59259,1395,1200
"10/20/2024, 6:55:05 PM",58863,1395,1200
"10/21/2024, 12:55:43 AM",59053,1395,1200
"10/21/2024, 6:56:35 AM",59371,1395,1200
"10/21/2024, 12:57:22 PM",59634,1395,1200
"10/21/2024, 6:58:05 PM",59499,1395,1200
"10/22/2024, 12:58:39 AM",59610,1395,1200
"10/22/2024, 6:59:27 AM",60347,1395,1200
"10/22/2024, 1:00:10 PM",60348,1395,1200
"10/22/2024, 7:00:37 PM",59947,1395,1200
"10/23/2024, 1:01:24 AM",60347,1395,1200
"10/23/2024, 7:02:18 AM",60930,1395,1200
"10/23/2024, 1:03:04 PM",61091,1395,1200
"10/23/2024, 7:03:36 PM",60719,1395,1200
"10/24/2024, 1:04:20 AM",61162,1395,1200
"10/24/2024, 7:05:06 AM",61516,1395,1200
"10/24/2024, 1:05:36 PM",61740,1395,1200
"10/24/2024, 7:06:20 PM",61470,1395,1200
"10/25/2024, 1:07:05 AM",61909,1395,1200
"10/25/2024, 7:07:39 AM",62307,1395,1200
"10/25/2024, 1:08:23 PM",62422,1395,1200
"10/25/2024, 7:09:06 PM",62264,1395,1200
"10/26/2024, 1:09:40 AM",62543,1395,1200
"10/26/2024, 7:10:30 AM",62890,1395,1200
"10/26/2024, 1:11:11 PM",62940,1395,1200
"10/26/2024, 7:12:04 PM",62740,1395,1200
"10/27/2024, 1:12:36 AM",63050,1395,1200
"10/27/2024, 7:13:22 AM",63158,1395,1200
"10/27/2024, 1:14:06 PM",63156,1395,1200
"10/27/2024, 7:14:34 PM",62930,1395,1200
"10/29/2024, 1:16:11 AM",62823,1395,1200
"10/29/2024, 7:16:49 AM",63513,1395,1200
"10/29/2024, 1:17:21 PM",63446,1395,1200
"10/29/2024, 7:18:05 PM",63161,1395,1200
"10/30/2024, 1:18:34 AM",63710,1395,1200
"10/30/2024, 7:19:21 AM",63844,1395,1200
"10/30/2024, 1:20:07 PM",63819,1395,1200
"10/30/2024, 7:20:35 PM",63488,1390,1200
"10/31/2024, 1:21:29 AM",64040,1390,1200
"10/31/2024, 7:22:19 AM",64352,1390,1200
"10/31/2024, 1:23:04 PM",64278,1390,1200
"10/31/2024, 7:23:26 PM",63987,1390,1200
"11/1/2024, 1:24:18 AM",64454,1390,1200
"11/1/2024, 7:25:04 AM",64827,1390,1200
"11/1/2024, 1:25:28 PM",64673,1390,1200
"11/1/2024, 7:26:08 PM",64463,1390,1200
"11/2/2024, 1:26:46 AM",14222,1390,1200
"11/2/2024, 5:27:39 AM",16090,1390,1200
"11/2/2024, 9:28:35 AM",18728,1390,1200
"11/2/2024, 1:29:19 PM",20649,1390,1200
"11/2/2024, 7:30:09 PM",21564,1390,1200
"11/3/2024, 1:30:52 AM",24433,1390,1200
"11/3/2024, 7:31:39 AM",26044,1390,1200
"11/3/2024, 1:32:22 PM",29064,1390,1200
"11/3/2024, 7:33:07 PM",29396,1390,1200
"11/4/2024, 1:33:45 AM",30568,1390,1200
"11/4/2024, 7:34:32 AM",32308,1390,1200
"11/4/2024, 1:35:21 PM",34622,1390,1200
"11/4/2024, 7:36:06 PM",35585,1390,1200
"11/5/2024, 1:36:45 AM",37950,1390,1200
"11/5/2024, 7:37:32 AM",39880,1390,1200
"11/5/2024, 1:38:21 PM",41211,1390,1200
"11/5/2024, 7:39:06 PM",41925,1390,1200
"11/6/2024, 1:39:53 AM",43553,1390,1200
"11/6/2024, 7:40:35 AM",45494,1390,1200
"11/6/2024, 1:41:19 PM",46743,1390,1200
"11/6/2024, 7:42:06 PM",47379,1390,1200
"11/7/2024, 1:42:46 AM",49202,1390,1200
"11/7/2024, 7:43:22 AM",50527,1390,1200
"11/7/2024, 1:44:07 PM",51289,1390,1200
"11/7/2024, 7:44:35 PM",51533,1390,1200
"11/8/2024, 1:45:22 AM",53375,1390,1200
"11/8/2024, 7:47:14 AM",54373,1390,1200
"11/8/2024, 1:48:04 PM",55054,1390,1200
"11/8/2024, 7:48:49 PM",55372,1390,1200
"11/9/2024, 1:49:35 AM",56650,1390,1200
"11/9/2024, 7:50:25 AM",57404,1390,1200
"11/9/2024, 1:51:08 PM",57739,1390,1200
"11/9/2024, 7:51:37 PM",57746,1390,1200
"11/10/2024, 1:52:29 AM",58614,1390,1200
"11/10/2024, 7:53:21 AM",58941,1390,1200
"11/10/2024, 1:54:06 PM",59137,1390,1200
"11/10/2024, 7:54:45 PM",58921,1390,1200
"11/11/2024, 1:55:25 AM",58910,1390,1200
"11/11/2024, 7:56:13 AM",59822,1390,1200
"11/11/2024, 1:57:04 PM",60006,1390,1200
"11/11/2024, 7:57:39 PM",59657,1390,1200
"11/12/2024, 1:58:22 AM",10249,1390,1200
"11/12/2024, 5:59:08 AM",16563,1390,1200
"11/12/2024, 2:00:21 PM",20725,1390,1200
"11/12/2024, 8:01:04 PM",21952,1390,1200
"11/13/2024, 2:01:48 AM",25755,1390,1200
"11/13/2024, 8:02:25 AM",27682,1390,1200
"11/13/2024, 2:03:07 PM",30449,1390,1200
"11/13/2024, 8:03:39 PM",31245,1390,1200
"11/14/2024, 8:05:50 AM",34824,1390,1200
"11/14/2024, 2:06:34 PM",37541,1390,1200
"11/14/2024, 8:07:21 PM",37794,1390,1200
"11/15/2024, 2:08:10 AM",39647,1390,1200
"11/15/2024, 8:09:12 AM",13718,1390,1200
"11/15/2024, 12:09:52 PM",17897,1390,1200
"11/15/2024, 4:10:22 PM",19322,1390,1200
"11/15/2024, 8:11:08 PM",20817,1390,1200
"11/16/2024, 2:11:49 AM",24416,1390,1200
"11/16/2024, 8:13:50 AM",26950,1390,1200
"11/16/2024, 2:14:20 PM",28292,1390,1200
"11/16/2024, 8:15:07 PM",28602,1390,1200
"11/17/2024, 2:15:36 AM",30550,1390,1200
"11/17/2024, 8:16:32 AM",32537,1390,1200
"11/17/2024, 2:17:17 PM",33988,1390,1200
"11/17/2024, 8:18:05 PM",34525,1390,1200
"11/18/2024, 2:18:32 AM",35486,1390,1200
"11/18/2024, 8:20:53 AM",37477,1390,1200
"11/18/2024, 2:21:24 PM",39281,1390,1200
"11/18/2024, 8:22:07 PM",39807,1390,1200
"11/19/2024, 2:22:44 AM",41482,1390,1200
"11/19/2024, 8:23:37 AM",44040,1390,1200
"11/19/2024, 2:26:09 PM",44843,1390,1200
"11/19/2024, 8:26:52 PM",45126,1390,1200
"11/20/2024, 2:27:50 AM",46457,1390,1200
"11/20/2024, 8:28:57 AM",48243,1390,1200
"11/20/2024, 2:29:34 PM",49041,1390,1200
"11/20/2024, 8:30:22 PM",49237,1390,1200
"11/21/2024, 2:31:14 AM",50963,1390,1200
"11/21/2024, 8:32:09 AM",51972,1390,1200
"11/21/2024, 2:32:42 PM",52539,1390,1200
"11/21/2024, 8:33:35 PM",52630,1390,1200
"11/22/2024, 2:52:05 AM",54495,1390,1200
"11/22/2024, 8:52:40 AM",55661,1390,1200
"11/22/2024, 2:53:22 PM",56111,1390,1200
"11/22/2024, 8:54:07 PM",56166,1390,1200
"11/23/2024, 3:14:52 AM",57440,1390,1200
"11/23/2024, 9:15:29 AM",58123,1390,1200
"11/23/2024, 3:16:18 PM",58556,1390,1200
"11/23/2024, 9:17:04 PM",58448,1390,1200
"11/24/2024, 3:18:07 AM",59114,1390,1200
"11/24/2024, 9:18:35 AM",59560,1390,1200
"11/24/2024, 3:19:24 PM",59656,1390,1200
"11/24/2024, 9:20:09 PM",59547,1390,1200
"11/25/2024, 3:20:55 AM",60228,1390,1200
"11/25/2024, 9:21:33 AM",60480,1390,1200
"11/25/2024, 3:22:19 PM",60572,1390,1200
"11/25/2024, 9:23:05 PM",60411,1390,1200
"11/26/2024, 3:30:48 AM",61301,1390,1200
"11/26/2024, 9:31:31 AM",61808,1390,1200
"11/26/2024, 3:32:17 PM",61711,1390,1200
"11/26/2024, 9:33:04 PM",61604,1390,1200
"11/27/2024, 3:34:09 AM",62607,1306.92,1200
"11/27/2024, 9:34:36 AM",62696,1293.99,1200
"11/27/2024, 3:35:21 PM",62427,1293.99,1200
"11/27/2024, 9:36:06 PM",62185,1226.99,1200
"11/28/2024, 3:36:57 AM",63010,1226.99,1200
"11/28/2024, 9:37:34 AM",63510,1226.99,1200
"11/28/2024, 3:38:19 PM",63260,1226.99,1200
"11/28/2024, 9:39:05 PM",62942,1226.99,1200
"11/29/2024, 3:39:46 AM",63691,1226.99,1200
"11/29/2024, 9:40:34 AM",64085,1226.99,1200
"11/29/2024, 3:41:22 PM",64108,1226.99,1200
"11/29/2024, 9:42:07 PM",63844,1226.99,1200
"11/30/2024, 3:43:15 AM",65540,1226.99,1200
"11/30/2024, 9:44:03 AM",66533,1226.99,1200
"11/30/2024, 3:44:38 PM",67033,1226.99,1200
"11/30/2024, 9:45:18 PM",67659,1226.99,1200
"12/1/2024, 3:46:10 AM",67816,1226.99,1200
"12/1/2024, 9:46:42 AM",68316,1226.99,1200
"12/1/2024, 3:47:28 PM",68343,1226.99,1200
"12/1/2024, 9:48:21 PM",67929,1226.99,1200
"12/2/2024, 3:49:21 AM",68493,1226.99,1200
"12/2/2024, 9:50:07 AM",68874,1226.99,1200
"12/2/2024, 3:50:42 PM",69087,1226.99,1200
"12/2/2024, 9:51:24 PM",68803,1226.99,1200
"12/3/2024, 3:52:36 AM",70255,1226.99,1200
"12/3/2024, 9:53:21 AM",71068,1226.99,1200
"12/3/2024, 3:54:07 PM",71972,1226.99,1200
"12/3/2024, 9:54:34 PM",13356,1256.99,1200
"12/4/2024, 1:55:22 AM",16753,1256.99,1200
"12/4/2024, 5:58:29 AM",21131,1256.99,1200
"12/4/2024, 11:59:08 AM",25107,1256.99,1200
"12/4/2024, 5:59:37 PM",28044,1256.99,1200
"12/5/2024, 12:00:24 AM",30935,1256.99,1200
"12/5/2024, 6:01:07 AM",33805,1256.99,1200
"12/5/2024, 12:01:46 PM",36037,1256.99,1200
"12/5/2024, 6:02:24 PM",37264,1256.99,1200
"12/6/2024, 12:16:00 AM",39552,1256.99,1200
"12/6/2024, 6:20:24 AM",41513,1256.99,1200
"12/6/2024, 12:21:39 PM",43151,1256.99,1200
"12/6/2024, 6:22:21 PM",44088,1256.99,1200
"12/7/2024, 12:23:06 AM",45803,1256.99,1200
"12/7/2024, 6:23:41 AM",47916,1256.99,1200
"12/7/2024, 12:24:25 PM",49345,1256.99,1200
"12/7/2024, 6:25:14 PM",50105,1256.99,1200
"12/8/2024, 12:25:51 AM",51910,1256.99,1200
"12/8/2024, 6:26:37 AM",53199,1256.99,1200
"12/8/2024, 12:27:21 PM",54508,1256.99,1200
"12/8/2024, 6:28:06 PM",55069,1256.99,1200
"12/9/2024, 12:28:47 AM",56198,1256.99,1200
"12/9/2024, 6:29:34 AM",57279,1256.99,1200
"12/9/2024, 12:30:23 PM",58660,1256.99,1200
"12/9/2024, 6:31:06 PM",58829,1256.99,1200
"12/10/2024, 12:31:48 AM",59264,1256.99,1200
"12/10/2024, 6:32:30 AM",61485,1256.99,1200
"12/10/2024, 12:33:18 PM",62418,1256.99,1200
"12/10/2024, 6:34:04 PM",62576,1256.99,1200
"12/11/2024, 12:34:44 AM",63574,1256.99,1200
"12/11/2024, 6:35:31 AM",64345,1256.99,1200
"12/11/2024, 12:36:13 PM",65055,1256.99,1200
"12/11/2024, 6:37:03 PM",65115,1256.99,1200
"12/12/2024, 12:37:32 AM",66073,1256.99,1200
"12/12/2024, 6:38:23 AM",67044,1255,1200
"12/12/2024, 12:39:10 PM",67440,1255,1200
"12/12/2024, 6:39:44 PM",67271,1255,1200
"12/13/2024, 12:40:33 AM",68078,1255,1200
"12/13/2024, 6:41:16 AM",68989,1255,1200
"12/13/2024, 12:42:04 PM",69231,1255,1200
"12/13/2024, 6:42:39 PM",69056,1255,1200
"12/14/2024, 12:43:34 AM",69970,1255,1200
"12/14/2024, 6:44:31 AM",70601,1255,1200
"12/14/2024, 12:45:19 PM",70983,1255,1200
"12/14/2024, 6:46:04 PM",70629,1255,1200
"12/15/2024, 12:46:36 AM",71124,1255,1200
"12/15/2024, 6:47:33 AM",71512,1255,1200
"12/15/2024, 12:48:21 PM",71908,1255,1200
"12/15/2024, 6:49:06 PM",71578,1255,1200
"12/16/2024, 12:49:53 AM",71702,1255,1200
"12/16/2024, 6:50:40 AM",72061,1255,1200
"12/16/2024, 12:51:25 PM",72304,1255,1200
"12/16/2024, 6:52:11 PM",71924,1255,1200
"12/17/2024, 12:53:10 AM",72362,1255,1200
"12/17/2024, 6:53:58 AM",72683,1255,1200
"12/17/2024, 12:54:45 PM",72906,1255,1200
"12/17/2024, 6:55:32 PM",72647,1255,1200
"12/18/2024, 12:56:18 AM",73092,1255,1200
"12/18/2024, 6:57:05 AM",73290,1255,1200
"12/18/2024, 12:57:47 PM",73419,1255,1200
"12/18/2024, 6:58:33 PM",73229,1255,1200
"12/19/2024, 12:59:21 AM",73593,1255,1200
"12/19/2024, 7:00:09 AM",73790,1255,1200
"12/19/2024, 1:00:58 PM",73882,1255,1200
"12/19/2024, 7:01:36 PM",73549,1255,1200
"12/20/2024, 1:02:22 AM",74072,1255,1200
"12/20/2024, 7:03:13 AM",74154,1255,1200
"12/20/2024, 1:04:02 PM",74108,1255,1200
"12/20/2024, 7:04:36 PM",73828,1255,1200
"12/21/2024, 1:05:26 AM",74349,1255,1200
"12/21/2024, 7:06:17 AM",74447,1255,1200
"12/21/2024, 1:07:04 PM",74399,1255,1200
"12/21/2024, 7:07:37 PM",74156,1255,1200
"12/22/2024, 1:08:27 AM",74396,1255,1200
"12/22/2024, 7:09:16 AM",74461,1255,1200
"12/22/2024, 1:10:05 PM",74147,1255,1200
"12/22/2024, 7:10:40 PM",73828,1255,1200
"12/23/2024, 1:11:27 AM",73819,1255,1200
"12/23/2024, 7:12:19 AM",74068,1255,1200
"12/23/2024, 1:13:05 PM",73825,1255,1200
"12/23/2024, 7:13:32 PM",73395,1255,1200
"12/24/2024, 1:14:21 AM",73558,1255,1200
"12/24/2024, 7:15:08 AM",73595,1255,1200
"12/24/2024, 1:15:52 PM",73320,1255,1200
"12/24/2024, 7:16:32 PM",72783,1255,1200
"12/25/2024, 1:17:22 AM",72942,1255,1200
"12/25/2024, 7:18:15 AM",72793,1255,1200
"12/25/2024, 1:18:55 PM",72426,1255,1200
"12/25/2024, 7:19:37 PM",71875,1255,1200
"12/26/2024, 1:20:24 AM",71963,1255,1200
"12/26/2024, 7:21:17 AM",71972,1255,1200
"12/26/2024, 1:22:04 PM",71803,1255,1200
"12/26/2024, 7:22:38 PM",71378,1255,1200
"12/27/2024, 1:23:26 AM",71452,1255,1200
"12/27/2024, 7:24:16 AM",71865,1255,1200
"12/27/2024, 1:25:04 PM",71708,1255,1200
"12/27/2024, 7:25:39 PM",71242,1255,1200
"12/28/2024, 1:26:22 AM",71780,1255,1200
"12/28/2024, 7:27:14 AM",72036,1255,1200
"12/28/2024, 1:28:04 PM",71919,1255,1200
"12/28/2024, 7:28:38 PM",71452,1255,1200
"12/29/2024, 1:29:29 AM",71742,1255,1200
"12/29/2024, 7:30:35 AM",72035,1255,1200
"12/29/2024, 1:31:18 PM",72076,1255,1200
"12/29/2024, 7:32:06 PM",71735,1255,1200
"12/30/2024, 1:32:42 AM",71865,1255,1200
"12/30/2024, 7:33:35 AM",72234,1255,1200
"12/30/2024, 1:34:20 PM",72208,1255,1200
"12/30/2024, 7:35:06 PM",71835,1255,1200
"12/31/2024, 1:35:49 AM",72115,1255,1200
"12/31/2024, 7:36:59 AM",72618,1255,1200
"12/31/2024, 1:37:46 PM",72643,1255,1200
"12/31/2024, 7:38:34 PM",9868,1255,1200
"12/31/2024, 11:39:23 PM",12078,1255,1200
"1/1/2025, 3:40:19 AM",16447,1255,1200
"1/1/2025, 7:41:05 AM",19972,1255,1200
"1/1/2025, 11:41:32 AM",22017,1255,1200
"1/1/2025, 5:42:20 PM",23798,1255,1200
"1/1/2025, 11:43:06 PM",26171,1255,1200
"1/2/2025, 5:43:54 AM",29367,1255,1200
"1/2/2025, 11:44:24 AM",31529,1255,1200
"1/2/2025, 5:45:07 PM",32725,1255,1200
"1/2/2025, 11:45:27 PM",33763,1255,1200
"1/3/2025, 5:46:38 AM",37025,1255,1200
"1/3/2025, 11:47:33 AM",39655,1255,1200
"1/3/2025, 5:48:21 PM",40555,1255,1200
"1/3/2025, 11:49:04 PM",42597,1255,1200
"1/4/2025, 5:50:11 AM",44648,1255,1200
"1/4/2025, 11:50:46 AM",46490,1255,1200
"1/4/2025, 5:51:24 PM",47171,1255,1200
"1/4/2025, 11:52:09 PM",48480,1255,1200
"1/5/2025, 5:52:56 AM",50179,1255,1200
"1/5/2025, 11:53:33 AM",51535,1255,1200
"1/5/2025, 5:54:19 PM",52413,1255,1200
"1/5/2025, 11:55:05 PM",53566,1255,1200
"1/6/2025, 5:55:50 AM",54850,1255,1200
"1/6/2025, 11:56:28 AM",56120,1255,1200
"1/6/2025, 5:57:08 PM",56538,1255,1200
"1/6/2025, 11:57:34 PM",57151,1255,1200
"1/7/2025, 5:59:16 AM",59050,1255,1200
"1/7/2025, 12:00:07 PM",59873,1255,1200
"1/7/2025, 6:00:26 PM",60044,1255,1200
"1/8/2025, 12:01:06 AM",61085,1255,1200
"1/8/2025, 6:01:52 AM",62026,1255,1200
"1/8/2025, 12:02:24 PM",14050,1255,1200
"1/8/2025, 4:03:17 PM",15456,1255,1200
"1/8/2025, 8:04:06 PM",16053,1255,1200
"1/9/2025, 12:04:23 AM",17984,1255,1200
"1/9/2025, 4:05:20 AM",22966,1255,1200
"1/9/2025, 10:06:05 AM",26486,1255,1200
"1/9/2025, 4:06:36 PM",28135,1255,1200
"1/9/2025, 10:07:23 PM",29182,1255,1200
"1/10/2025, 4:08:19 AM",32272,1255,1200
"1/10/2025, 10:09:05 AM",14413,1255,1200
"1/10/2025, 2:09:33 PM",16543,1255,1200
"1/10/2025, 6:10:20 PM",18088,1255,1200
"1/10/2025, 10:11:05 PM",19998,1255,1200
"1/11/2025, 2:11:36 AM",20688,1255,1200
"1/11/2025, 8:12:25 AM",25744,1255,1200
"1/11/2025, 2:13:06 PM",27282,1255,1200
"1/11/2025, 8:13:53 PM",27852,1255,1200
"1/12/2025, 2:14:33 AM",29872,1255,1200
"1/12/2025, 8:15:21 AM",32239,1255,1200
"1/12/2025, 2:16:05 PM",10227,1255,1200
"1/12/2025, 6:16:24 PM",11766,1255,1200
"1/12/2025, 10:17:18 PM",14272,1255,1200
"1/13/2025, 2:18:04 AM",16411,1255,1200
"1/13/2025, 6:18:56 AM",17976,1255,1200
"1/13/2025, 10:19:50 AM",21897,1255,1200
"1/13/2025, 4:20:39 PM",23568,1255,1200
"1/13/2025, 10:21:26 PM",24137,1255,1200
"1/14/2025, 4:22:24 AM",28627,1255,1200
"1/14/2025, 10:23:10 AM",31524,1255,1200
"1/14/2025, 4:23:49 PM",32625,1255,1200
"1/14/2025, 10:24:34 PM",33655,1255,1200
"1/15/2025, 4:25:26 AM",36053,1255,1200
"1/15/2025, 10:26:14 AM",38059,1255,1200
"1/15/2025, 4:27:04 PM",38957,1255,1200
"1/15/2025, 10:27:37 PM",39477,1255,1200
"1/16/2025, 4:28:27 AM",41707,1255,1200
"1/16/2025, 10:29:24 AM",43703,1255,1200
"1/16/2025, 4:30:14 PM",44856,1255,1200
"1/16/2025, 10:30:49 PM",45244,1255,1200
"1/17/2025, 4:31:34 AM",47358,1255,1200
"1/17/2025, 10:32:20 AM",48734,1255,1200
"1/17/2025, 4:33:04 PM",49174,1255,1200
"1/17/2025, 10:33:35 PM",49497,1255,1200
"1/18/2025, 4:34:22 AM",51086,1255,1200
"1/18/2025, 10:35:08 AM",52243,1255,1200
"1/18/2025, 4:35:36 PM",52553,1255,1200
"1/18/2025, 10:36:23 PM",52764,1255,1200
"1/19/2025, 4:37:12 AM",53859,1255,1200
"1/19/2025, 10:38:03 AM",54421,1255,1200
"1/19/2025, 4:38:35 PM",54464,1255,1200
"1/19/2025, 10:39:19 PM",54358,1255,1200
"1/20/2025, 4:40:06 AM",55537,1255,1200
"1/20/2025, 10:42:14 AM",55961,1255,1200
"1/20/2025, 4:43:04 PM",55659,1255,1200
"1/20/2025, 10:43:32 PM",55911,1255,1200
"1/21/2025, 4:44:20 AM",56667,1255,1200
"1/21/2025, 10:45:06 AM",57223,1255,1200
"1/21/2025, 4:45:38 PM",57143,1255,1200
"1/21/2025, 10:46:21 PM",56891,1255,1200
"1/22/2025, 4:47:09 AM",57960,1255,1200
"1/22/2025, 10:47:53 AM",58458,1255,1200
"1/22/2025, 4:48:32 PM",58471,1255,1200
"1/22/2025, 10:49:19 PM",58313,1255,1200
"1/23/2025, 4:50:06 AM",10807,1255,1200
"1/23/2025, 8:50:48 AM",15016,1255,1200
"1/23/2025, 12:51:31 PM",18085,1255,1200
"1/23/2025, 4:52:19 PM",19546,1255,1200
"1/23/2025, 8:53:05 PM",20801,1255,1200
"1/24/2025, 2:53:33 AM",24661,1255,1200
"1/24/2025, 8:54:23 AM",28188,1255,1200
"1/24/2025, 2:55:08 PM",30332,1255,1200
"1/24/2025, 8:55:39 PM",31146,1255,1200
"1/25/2025, 2:56:23 AM",7739,1255,1200
"1/25/2025, 6:57:18 AM",11026,1255,1200
"1/25/2025, 10:58:04 AM",12441,1255,1200
"1/25/2025, 2:58:24 PM",13895,1255,1200
"1/25/2025, 6:59:10 PM",14605,1255,1200
"1/25/2025, 10:59:38 PM",15690,1255,1200
"1/26/2025, 3:00:25 AM",17943,1255,1200
"1/26/2025, 7:01:20 AM",20056,1255,1200
"1/26/2025, 1:02:05 PM",23104,1255,1200
"1/26/2025, 7:02:25 PM",23543,1255,1200
"1/27/2025, 1:03:11 AM",10386,1255,1200
"1/27/2025, 5:03:52 AM",14603,1255,1200
"1/27/2025, 9:04:35 AM",17344,1255,1200
"1/27/2025, 1:05:20 PM",18443,1255,1200
"1/27/2025, 5:06:04 PM",19563,1255,1200
"1/27/2025, 9:06:37 PM",20026,1255,1200
"1/28/2025, 3:07:26 AM",23014,1255,1200
"1/28/2025, 9:08:18 AM",26288,1255,1200
"1/28/2025, 3:09:04 PM",27664,1255,1200
"1/28/2025, 9:09:38 PM",27952,1255,1200
"1/29/2025, 3:10:20 AM",12520,1255,1200
"1/29/2025, 7:11:10 AM",15433,1255,1200
"1/29/2025, 11:13:15 AM",19320,1255,1200
"1/29/2025, 3:14:03 PM",20099,1255,1200
"1/29/2025, 9:14:36 PM",21034,1255,1200
"1/30/2025, 3:15:23 AM",24211,1255,1200
"1/30/2025, 9:16:10 AM",27252,1255,1200
"1/30/2025, 3:17:04 PM",28564,1255,1200
"1/30/2025, 9:17:42 PM",29071,1255,1200
"1/31/2025, 3:18:18 AM",32019,1255,1200
"1/31/2025, 9:19:11 AM",34278,1255,1200
"1/31/2025, 3:20:04 PM",35557,1255,1200
"1/31/2025, 9:20:37 PM",36141,1255,1200
"2/1/2025, 3:21:18 AM",38224,1255,1200
"2/1/2025, 9:22:04 AM",39781,1255,1200
"2/1/2025, 3:22:23 PM",40521,1255,1200
"2/1/2025, 9:23:08 PM",40555,1255,1200
"2/2/2025, 3:23:33 AM",42124,1255,1200
"2/2/2025, 9:24:21 AM",43296,1255,1200
"2/2/2025, 3:25:07 PM",44124,1255,1200
"2/2/2025, 9:25:48 PM",44475,1255,1200
"2/3/2025, 3:26:20 AM",45820,1255,1200
"2/3/2025, 9:27:13 AM",46702,1255,1200
"2/3/2025, 3:28:05 PM",46984,1255,1200
"2/3/2025, 9:28:47 PM",9414,1255,1200
"2/4/2025, 1:29:22 AM",13617,1255,1200
"2/4/2025, 5:30:24 AM",8752,1255,1200
"2/4/2025, 9:31:18 AM",12479,1255,1200
"2/4/2025, 1:32:05 PM",14972,1255,1200
"2/4/2025, 5:32:36 PM",15624,1255,1200
"2/4/2025, 9:33:26 PM",17272,1255,1200
"2/5/2025, 1:34:22 AM",18449,1255,1200
"2/5/2025, 5:35:09 AM",21059,1255,1200
"2/5/2025, 11:35:40 AM",25410,1255,1200
"2/5/2025, 5:36:08 PM",26105,1255,1200
"2/5/2025, 11:36:35 PM",28105,1255,1200
"2/6/2025, 5:37:53 AM",30200,1255,1200
"2/6/2025, 11:38:35 AM",32352,1239,1200
"2/6/2025, 5:39:23 PM",32932,1239,1200
"2/6/2025, 11:40:21 PM",33846,1239,1200
"2/7/2025, 5:42:15 AM",36074,1239,1200
"2/7/2025, 11:43:05 AM",38251,1239,1200
"2/7/2025, 5:43:35 PM",38530,1239,1200
"2/7/2025, 11:44:23 PM",40232,1239,1200
"2/8/2025, 5:45:16 AM",42070,1239,1200
"2/8/2025, 11:46:04 AM",43269,1239,1200
"2/8/2025, 5:46:24 PM",43530,1239,1200
"2/8/2025, 11:47:10 PM",9571,1239,1200
"2/9/2025, 3:47:36 AM",13135,1239,1200
"2/9/2025, 7:48:21 AM",17010,1239,1200
"2/9/2025, 11:49:06 AM",19441,1239,1200
"2/9/2025, 3:49:29 PM",20868,1239,1200
"2/9/2025, 9:50:20 PM",21996,1239,1200
"2/10/2025, 3:51:06 AM",24944,1239,1200
"2/10/2025, 9:52:01 AM",27392,1239,1200
"2/10/2025, 3:52:21 PM",28891,1239,1200
"2/10/2025, 9:53:04 PM",29907,1239,1200
"2/11/2025, 3:53:34 AM",31720,1239,1200
"2/11/2025, 9:54:33 AM",35163,1239,1200
"2/11/2025, 3:55:23 PM",35962,1239,1200
"2/11/2025, 9:56:07 PM",36294,1239,1200
"2/12/2025, 3:57:01 AM",39367,1239,1200
"2/12/2025, 9:58:12 AM",41178,1239,1200
"2/12/2025, 3:59:04 PM",42192,1239,1200
"2/12/2025, 9:59:39 PM",42595,1239,1200
"2/13/2025, 4:00:35 AM",44757,1239,1200
"2/13/2025, 10:01:19 AM",46112,1239,1200
"2/13/2025, 4:02:05 PM",46598,1239,1200
"2/13/2025, 10:02:46 PM",46795,1239,1200
"2/14/2025, 4:03:19 AM",48365,1239,1200
"2/14/2025, 10:04:08 AM",50043,1239,1200
"2/14/2025, 4:04:36 PM",50229,1239,1200
"2/14/2025, 10:05:27 PM",50175,1239,1200
"2/15/2025, 4:06:21 AM",51119,1239,1200
"2/15/2025, 10:07:12 AM",52026,1239,1200
"2/15/2025, 4:07:46 PM",52169,1239,1200
"2/15/2025, 10:08:25 PM",52066,1239,1200
"2/16/2025, 4:09:20 AM",52783,1239,1200
"2/16/2025, 10:10:07 AM",53241,1239,1200
"2/16/2025, 10:11:34 PM",53057,1239,1200
"2/17/2025, 4:12:23 AM",13453,1239,1200
"2/17/2025, 8:13:17 AM",17123,1239,1200
"2/17/2025, 12:14:04 PM",19378,1239,1200
"2/17/2025, 4:14:31 PM",20500,1239,1200
"2/17/2025, 10:15:08 PM",22194,1239,1200
"2/18/2025, 4:15:52 AM",25087,1239,1200
"2/18/2025, 10:16:40 AM",29690,1239,1200
"2/18/2025, 4:17:27 PM",30834,1239,1200
"2/19/2025, 11:27:43 AM",37423,1239,1200
"2/19/2025, 9:35:17 PM",13105,1239,1200
"2/20/2025, 1:36:04 AM",16954,1239,1200
"2/20/2025, 5:36:08 AM",20861,1239,1200
"2/20/2025, 11:37:25 AM",24767,1239,1200
"2/20/2025, 5:59:59 PM",26225,1239,1200
"2/21/2025, 12:00:39 AM",28666,1239,1200
"2/21/2025, 6:01:11 AM",31515,1239,1200
"2/21/2025, 12:02:11 PM",33828,1239,1200
"2/21/2025, 6:09:59 PM",34409,1239,1200
"2/22/2025, 12:10:33 AM",36117,1239,1200
"2/22/2025, 6:11:06 AM",37932,1239,1200
"2/22/2025, 12:11:42 PM",39662,1239,1200
"2/22/2025, 6:13:23 PM",40197,1239,1200
"2/23/2025, 12:14:07 AM",41188,1239,1200
"2/23/2025, 6:14:35 AM",12354,1239,1200
"2/23/2025, 10:15:07 AM",15763,1239,1200
"2/23/2025, 2:15:58 PM",7877,1239,1200
"2/23/2025, 6:18:57 PM",8796,1239,1200
"2/23/2025, 10:24:41 PM",10604,1239,1200
"2/24/2025, 2:25:19 AM",13643,1239,1200
"2/24/2025, 6:26:09 AM",16290,1239,1200
"2/24/2025, 10:27:04 AM",19555,1239,1200
"2/25/2025, 2:28:22 PM",29651,1239,1200
"2/25/2025, 8:33:25 PM",29897,1239,1200
"2/26/2025, 2:34:05 AM",32347,1239,1200
"2/26/2025, 8:34:39 AM",35379,1239,1200
"2/26/2025, 2:35:11 PM",36673,1239,1200
"2/26/2025, 8:37:38 PM",37104,1239,1200
"2/27/2025, 2:38:22 AM",39564,1239,1200
"2/27/2025, 8:39:07 AM",14328,1239,1200
"2/27/2025, 12:41:28 PM",8895,1222,1200
"2/27/2025, 4:43:28 PM",10142,1222,1200
"2/27/2025, 8:44:21 PM",11534,1222,1200
"2/28/2025, 12:45:09 AM",14995,1222,1200
"2/28/2025, 4:45:38 AM",18680,1222,1200
"2/28/2025, 8:46:21 AM",21374,1222,1200
"2/28/2025, 2:47:07 PM",23515,1222,1200
"2/28/2025, 8:56:00 PM",23606,1222,1200
"3/1/2025, 2:56:10 AM",9147,1222,1200
"3/1/2025, 6:57:03 AM",9968,1222,1200
"3/1/2025, 10:57:08 AM",15756,1222,1200
"3/1/2025, 3:09:38 PM",16423,1222,1200
"3/1/2025, 7:10:24 PM",17091,1222,1200
"3/1/2025, 11:11:17 PM",17721,1222,1200
"3/2/2025, 3:12:06 AM",20642,1222,1200
"3/2/2025, 9:12:25 AM",23540,1222,1200
"3/2/2025, 3:13:20 PM",25123,1222,1200
"3/2/2025, 9:14:06 PM",26068,1222,1200
"3/3/2025, 3:14:52 AM",27801,1222,1200
"3/3/2025, 9:15:35 AM",30321,1222,1200
"3/3/2025, 3:17:55 PM",31479,1222,1200
"3/3/2025, 9:20:25 PM",31863,1222,1200
"3/4/2025, 3:21:12 AM",34433,1222,1200
"3/4/2025, 9:22:04 AM",36274,1222,1200
"3/4/2025, 3:26:43 PM",37507,1222,1200
"3/4/2025, 9:28:22 PM",37792,1222,1200
"3/5/2025, 3:29:07 AM",40665,1222,1200
"3/5/2025, 9:29:35 AM",41949,1222,1200
"3/5/2025, 3:30:28 PM",43023,1222,1200
"3/5/2025, 9:31:22 PM",43003,1222,1200
"3/6/2025, 3:32:06 AM",44625,1222,1200
"3/6/2025, 9:32:35 AM",46373,1222,1200
"3/6/2025, 3:34:33 PM",46922,1222,1200
"3/6/2025, 9:36:03 PM",47124,1222,1200
"3/7/2025, 3:36:36 AM",48850,1222,1200
"3/7/2025, 9:37:20 AM",49820,1222,1200
"3/7/2025, 3:38:52 PM",49933,1222,1200
"3/7/2025, 9:39:36 PM",49677,1222,1200
"3/8/2025, 3:40:20 AM",11349,1222,1200
"3/8/2025, 7:41:04 AM",15601,1222,1200
"3/8/2025, 11:41:23 AM",18763,1222,1200
"3/8/2025, 3:42:26 PM",20584,1222,1200
"3/8/2025, 9:43:24 PM",22049,1222,1200
"3/9/2025, 3:44:04 AM",9570,1222,1200
"3/10/2025, 3:51:05 AM",20654,1222,1200
"3/10/2025, 9:51:22 AM",24041,1222,1200
"3/10/2025, 3:58:05 PM",25020,1222,1200
"3/10/2025, 9:58:39 PM",26757,1222,1200
"3/11/2025, 3:59:18 AM",30179,1222,1200
"3/11/2025, 10:00:06 AM",32606,1222,1200
"3/11/2025, 4:02:54 PM",33234,1222,1200
"3/11/2025, 10:05:31 PM",34391,1222,1200
"3/12/2025, 4:06:11 AM",36432,1222,1200
"3/12/2025, 10:06:41 AM",38328,1222,1200
"3/12/2025, 4:07:49 PM",39206,1222,1200
"3/12/2025, 10:08:46 PM",40522,1222,1200
"3/13/2025, 4:09:24 AM",11814,1239,1200
"3/13/2025, 8:10:08 AM",13841,1239,1200
"3/13/2025, 12:10:25 PM",8872,1239,1200
"3/14/2025, 5:44:45 PM",23630,1239,1200
"3/15/2025, 12:26:50 AM",25365,1239,1200
"3/15/2025, 6:27:19 AM",28253,1239,1200
"3/15/2025, 12:28:09 PM",29296,1239,1200
"3/15/2025, 6:35:13 PM",29296,1222,1200
"3/16/2025, 12:39:54 AM",31414,1222,1200
"3/16/2025, 6:40:18 AM",33241,1222,1200
"3/16/2025, 12:41:03 PM",34917,1222,1200
"3/17/2025, 3:15:26 AM",11976,1239,1200
"3/17/2025, 10:46:51 AM",18414,1239,1200
"3/17/2025, 2:49:08 PM",20011,1239,1200
"3/17/2025, 8:50:04 PM",21082,1239,1200
"3/18/2025, 2:54:32 AM",25912,1239,1200
"3/18/2025, 9:39:02 AM",28808,1239,1200
"3/18/2025, 3:40:16 PM",29816,1239,1200
"3/18/2025, 9:41:03 PM",31028,1222,1200
"3/19/2025, 3:43:58 AM",12185,1222,1200
"3/20/2025, 12:12:42 PM",29408,1222,1200
"3/20/2025, 6:13:29 PM",29717,1222,1200
"3/21/2025, 12:14:12 AM",9900,1222,1200
"3/21/2025, 4:15:47 AM",13822,1222,1200
"3/21/2025, 8:22:16 AM",17830,1222,1200
"3/21/2025, 12:30:33 PM",20031,1222,1200
"3/21/2025, 6:31:06 PM",20975,1222,1200
"3/22/2025, 12:31:32 AM",23494,1222,1200
"3/22/2025, 6:35:11 AM",7329,1222,1200
"3/22/2025, 10:39:26 AM",10078,1222,1200
"3/22/2025, 2:40:08 PM",11202,1222,1200
"3/22/2025, 6:40:41 PM",11782,1222,1200
"3/22/2025, 10:41:05 PM",13683,1222,1200
"3/23/2025, 2:41:25 AM",16157,1222,1200
"3/23/2025, 6:42:25 AM",18945,1222,1200
"3/23/2025, 10:43:23 AM",5784,1222,1200
"3/23/2025, 2:44:06 PM",6798,1222,1200
"3/23/2025, 6:44:40 PM",7419,1222,1200
"3/23/2025, 10:45:07 PM",9350,1222,1200
"3/24/2025, 2:45:37 AM",12704,1222,1200
"3/24/2025, 6:46:48 AM",15075,1222,1200
"3/24/2025, 10:50:26 AM",8432,1222,1200
"3/24/2025, 2:51:05 PM",9658,1222,1200
"3/24/2025, 6:51:26 PM",10106,1222,1200
"3/24/2025, 10:52:06 PM",11968,1222,1200
"3/25/2025, 2:52:32 AM",7899,1222,1200
"3/25/2025, 6:54:07 AM",10031,1222,1200
"3/25/2025, 10:58:37 AM",12610,1222,1200
"3/25/2025, 2:59:20 PM",12872,1222,1200
"3/25/2025, 7:00:08 PM",12900,1222,1200
"3/25/2025, 11:00:11 PM",16229,1222,1200
"3/26/2025, 3:00:40 AM",18922,1222,1200
"3/26/2025, 7:03:12 AM",21636,1222,1200
"3/26/2025, 1:04:03 PM",23101,1222,1200
"3/26/2025, 7:04:40 PM",22472,1222,1200
"3/27/2025, 1:05:34 AM",9790,1222,1200
"3/27/2025, 5:06:29 AM",13949,1222,1200
"3/27/2025, 9:07:19 AM",16587,1222,1200
"3/27/2025, 1:08:04 PM",18253,1222,1200
"3/27/2025, 5:08:36 PM",18444,1222,1200
"3/27/2025, 9:09:19 PM",18754,1222,1200
"3/28/2025, 1:10:15 AM",21223,1222,1200
"3/28/2025, 7:10:58 AM",24148,1222,1200
"3/28/2025, 1:11:43 PM",26029,1222,1200
"3/28/2025, 7:12:08 PM",26317,1222,1200
"3/29/2025, 1:12:53 AM",28366,1222,1200
"3/29/2025, 7:13:39 AM",10062,1222,1200
"3/29/2025, 11:14:32 AM",11373,1222,1200
"3/29/2025, 3:15:20 PM",13998,1222,1200
"3/29/2025, 7:16:05 PM",14796,1222,1200
"3/29/2025, 11:16:20 PM",16691,1222,1200
"3/30/2025, 3:17:06 AM",19719,1222,1200
"3/30/2025, 7:17:54 AM",21594,1222,1200
"3/30/2025, 1:18:35 PM",23944,1222,1200
"3/30/2025, 7:19:09 PM",24413,1222,1200
"3/31/2025, 1:20:16 AM",8862,1222,1200
"3/31/2025, 5:20:58 AM",12988,1222,1200
"3/31/2025, 9:21:43 AM",15811,1222,1200
"3/31/2025, 1:56:00 PM",17149,1222,1200
"3/31/2025, 5:56:22 PM",17544,1222,1200
"3/31/2025, 9:57:05 PM",18048,1222,1200
"4/1/2025, 2:02:42 AM",20677,1222,1200
"4/1/2025, 8:09:25 AM",25094,1222,1200
"4/1/2025, 2:10:06 PM",12311,1222,1200
"4/1/2025, 6:10:35 PM",13083,1222,1200
"4/1/2025, 10:11:07 PM",14653,1222,1200
"4/2/2025, 2:12:09 AM",8991,1222,1200
"4/2/2025, 6:13:10 AM",12074,1222,1200
"4/2/2025, 10:15:10 AM",14913,1222,1200
"4/2/2025, 2:15:51 PM",16664,1222,1200
"4/2/2025, 6:16:26 PM",16628,1222,1200
"4/2/2025, 10:17:08 PM",17902,1222,1200
"4/3/2025, 2:17:59 AM",19803,1222,1200
"4/3/2025, 6:18:55 AM",23311,1222,1200
"4/3/2025, 12:19:48 PM",25645,1222,1200
"4/3/2025, 6:20:21 PM",25675,1222,1200
"4/4/2025, 12:21:08 AM",27903,1222,1200
"4/4/2025, 6:21:46 AM",13102,1222,1200
"4/4/2025, 10:22:32 AM",16764,1222,1200
"4/4/2025, 2:23:18 PM",18030,1222,1200
"4/4/2025, 6:24:05 PM",18287,1222,1200
"4/4/2025, 10:24:22 PM",19512,1222,1200
"4/7/2025, 2:28:20 AM",7111,1222,1200
"4/7/2025, 6:29:05 AM",8646,1222,1200
"4/7/2025, 10:29:50 AM",12186,1222,1200
"4/7/2025, 2:30:34 PM",14264,1222,1200
"4/7/2025, 6:31:08 PM",14435,1222,1200
"4/7/2025, 10:32:03 PM",16186,1222,1200
"4/8/2025, 2:32:58 AM",17848,1222,1200
"4/8/2025, 6:33:30 AM",9895,1222,1200
"4/8/2025, 10:34:17 AM",7618,1222,1200
"4/8/2025, 2:35:14 PM",8666,1222,1200
"4/8/2025, 6:36:04 PM",5345,1222,1200
"4/8/2025, 10:36:26 PM",11308,1222,1200
"4/9/2025, 2:37:39 AM",17337,1222,1200
"4/9/2025, 6:38:52 AM",9328,1222,1200
"4/9/2025, 10:40:22 AM",6565,1222,1200
"4/9/2025, 2:41:09 PM",7059,1222,1200
"4/9/2025, 6:41:49 PM",8029,1222,1200
"4/9/2025, 10:42:22 PM",6468,1222,1200
"4/10/2025, 2:44:13 AM",8460,1222,1200
"4/10/2025, 6:45:19 AM",10843,1222,1200
"4/10/2025, 10:46:05 AM",12802,1222,1200
"4/10/2025, 2:46:43 PM",16079,1222,1200
"4/10/2025, 6:47:27 PM",15881,1222,1200
"4/10/2025, 10:48:07 PM",7766,1222,1200
"4/11/2025, 2:48:58 AM",10805,1222,1200
"4/11/2025, 6:49:39 AM",14282,1222,1200
"4/11/2025, 10:50:11 AM",8143,1222,1200
"4/11/2025, 2:50:51 PM",9165,1222,1200
"4/11/2025, 6:51:19 PM",9948,1222,1200
"4/11/2025, 10:52:06 PM",12361,1222,1200
"4/12/2025, 2:53:12 AM",17446,1221,1200
"4/12/2025, 6:54:04 AM",9538,1221,1200
"4/12/2025, 10:54:22 AM",11103,1221,1200
"4/12/2025, 2:55:09 PM",11894,1221,1200
"4/12/2025, 6:55:29 PM",12276,1221,1200
"4/12/2025, 10:56:07 PM",13050,1221,1200
"4/13/2025, 2:56:56 AM",16877,1221,1200
"4/13/2025, 6:57:24 AM",18018,1221,1200
"4/13/2025, 10:58:09 AM",20551,1221,1200
"4/13/2025, 4:58:25 PM",20223,1221,1200
"4/13/2025, 10:59:21 PM",20814,1221,1200
"4/14/2025, 5:00:21 AM",22592,1221,1200
"4/14/2025, 11:01:05 AM",24601,1221,1200
"4/14/2025, 5:01:33 PM",25060,1221,1200
"4/14/2025, 11:02:05 PM",9422,1221,1200
"4/15/2025, 3:02:56 AM",14962,1221,1200
"4/15/2025, 7:03:32 AM",9049,1221,1200
"4/15/2025, 11:04:10 AM",11466,1221,1200
"4/15/2025, 3:04:48 PM",12621,1221,1200
"4/15/2025, 7:05:23 PM",13089,1221,1200
"4/15/2025, 11:06:07 PM",7214,1221,1200
"4/16/2025, 3:06:59 AM",10207,1221,1200
"4/16/2025, 7:07:28 AM",13508,1221,1200
"4/16/2025, 11:08:07 AM",16027,1221,1200
"4/16/2025, 3:08:44 PM",16792,1221,1200
"4/16/2025, 7:09:20 PM",16915,1221,1200
"4/16/2025, 11:10:07 PM",7934,1221,1200
"4/17/2025, 3:10:56 AM",10877,1221,1200
"4/17/2025, 7:11:26 AM",13301,1221,1200
"4/17/2025, 11:12:07 AM",16050,1221,1200
"4/17/2025, 3:12:34 PM",16327,1221,1200
"4/17/2025, 7:13:07 PM",16341,1221,1200
"4/17/2025, 11:13:22 PM",18213,1221,1200
"4/18/2025, 3:14:22 AM",19633,1221,1200
"4/18/2025, 7:15:16 AM",22795,1221,1200
"4/18/2025, 1:16:05 PM",24888,1221,1200
"4/18/2025, 7:16:23 PM",24704,1221,1200
"4/19/2025, 1:17:13 AM",26436,1221,1200
"4/19/2025, 7:18:03 AM",28100,1222,1200
"4/19/2025, 1:18:49 PM",28866,1222,1200
"4/19/2025, 7:19:21 PM",28541,1222,1200
"4/20/2025, 1:20:12 AM",29843,1222,1200
"4/20/2025, 7:20:43 AM",31509,1221,1200
"4/20/2025, 1:21:33 PM",9842,1221,1200
"4/20/2025, 5:22:19 PM",11543,1221,1200
"4/20/2025, 9:23:06 PM",13261,1221,1200
"4/21/2025, 1:23:57 AM",6065,1221,1200
"4/21/2025, 5:24:43 AM",5639,1222,1200
"4/21/2025, 9:25:36 AM",7324,1222,1200
"4/21/2025, 1:26:27 PM",5580,1222,1200
"4/21/2025, 5:27:10 PM",6088,1222,1200
"4/21/2025, 9:27:39 PM",4488,1222,1200
"4/22/2025, 1:28:43 AM",6289,1222,1200
"4/22/2025, 5:34:58 AM",8777,1222,1200
"4/22/2025, 9:36:00 AM",4901,1222,1200
"4/22/2025, 1:36:55 PM",6288,1222,1200
"4/22/2025, 5:37:25 PM",6414,1222,1200
"4/22/2025, 9:38:13 PM",7035,1222,1200
"4/23/2025, 1:39:03 AM",5634,1222,1200
"4/23/2025, 5:39:48 AM",7711,1222,1200
"4/23/2025, 9:41:08 AM",7835,1222,1200
"4/23/2025, 1:42:06 PM",8862,1222,1200
"4/23/2025, 5:42:20 PM",9000,1222,1200
"4/23/2025, 9:43:04 PM",9829,1222,1200
"4/24/2025, 5:44:37 AM",15708,1221,1200
"4/24/2025, 1:47:53 PM",9036,1221,1200
"4/24/2025, 5:48:21 PM",9523,1221,1200
"4/24/2025, 9:49:05 PM",18528,1221,1200
"4/25/2025, 1:49:51 AM",20337,1221,1200
"4/25/2025, 7:50:21 AM",23171,1449,1200
"4/25/2025, 1:51:55 PM",24855,1449,1200
"4/25/2025, 7:52:21 PM",24464,1449,1200
"4/26/2025, 1:53:10 AM",26087,1449,1200
"4/26/2025, 7:53:38 AM",27811,1222,1200
"4/26/2025, 1:54:28 PM",28658,1222,1200
"4/26/2025, 7:55:11 PM",28417,1222,1200
"4/27/2025, 1:55:58 AM",30198,1222,1200
"4/27/2025, 7:56:29 AM",31588,1222,1200
"4/27/2025, 1:57:17 PM",32048,1222,1200
"4/27/2025, 7:58:04 PM",31295,1222,1200
"4/28/2025, 1:58:52 AM",10148,1222,1200
"4/28/2025, 5:59:40 AM",6588,1222,1200
"4/28/2025, 10:00:55 AM",5645,1222,1200
"4/28/2025, 2:02:02 PM",6893,1222,1200
"4/28/2025, 6:02:31 PM",7422,1222,1200
"4/29/2025, 2:04:11 AM",15547,1222,1200
"4/29/2025, 6:05:26 AM",17820,1222,1200
"4/29/2025, 10:06:45 AM",19596,1222,1200
"4/29/2025, 2:08:36 PM",19340,1222,1200
"4/29/2025, 6:09:21 PM",18777,1222,1200
"4/30/2025, 2:10:47 AM",21055,1222,1200
"4/30/2025, 8:11:20 AM",25359,1222,1200
"4/30/2025, 4:03:30 PM",26254,1222,1200
"4/30/2025, 10:04:11 PM",28049,1222,1200
"5/1/2025, 4:05:16 AM",29828,1222,1200
"5/1/2025, 10:23:27 AM",31159,1222,1200
"5/1/2025, 4:24:17 PM",31170,1222,1200
"5/1/2025, 10:25:05 PM",32617,1222,1200
"5/2/2025, 4:25:38 AM",34895,1222,1200
"5/2/2025, 10:26:22 AM",36123,1222,1200
"5/2/2025, 4:27:11 PM",35768,1222,1200
"5/2/2025, 10:28:04 PM",13554,1222,1200
"5/3/2025, 2:28:08 AM",18209,1222,1200
"5/3/2025, 6:30:03 AM",21221,1222,1200
"5/3/2025, 12:30:08 PM",23529,1222,1200
"5/3/2025, 6:30:37 PM",24102,1222,1200
"5/4/2025, 12:31:24 AM",26359,1222,1200
"5/4/2025, 6:32:56 AM",28652,1222,1200
"5/4/2025, 12:33:06 PM",29386,1222,1200
"5/4/2025, 6:33:35 PM",29357,1222,1200
"5/5/2025, 12:34:08 AM",31148,1222,1200
"5/5/2025, 6:35:30 AM",32830,1222,1200
"5/5/2025, 12:47:40 PM",34049,1222,1200
"5/5/2025, 6:48:22 PM",34126,1222,1200
"5/6/2025, 12:49:06 AM",10952,1222,1200
"5/8/2025, 4:55:19 AM",10758,1222,1200
"5/8/2025, 9:02:43 AM",14030,1222,1200
"5/8/2025, 1:03:20 PM",15614,1222,1200
"5/8/2025, 5:04:06 PM",16047,1222,1200
"5/8/2025, 9:04:37 PM",17837,1222,1200
"5/9/2025, 1:05:09 AM",20579,1222,1200
"5/9/2025, 7:05:52 AM",24381,1222,1200
"5/9/2025, 1:06:21 PM",11878,1222,1200
"5/9/2025, 5:07:08 PM",12677,1222,1200
"5/9/2025, 9:07:44 PM",15449,1222,1200
"5/10/2025, 1:08:22 AM",18870,1222,1200
"5/10/2025, 5:09:11 AM",21843,1222,1200
"5/10/2025, 11:09:56 AM",5435,1221,1200
"5/10/2025, 3:10:36 PM",6566,1221,1200
"5/10/2025, 7:11:22 PM",7329,1222,1200
"5/10/2025, 11:12:10 PM",10144,1222,1200
"5/11/2025, 3:12:50 AM",13075,1222,1200
"5/11/2025, 7:13:40 AM",15412,1222,1200
"5/11/2025, 11:14:28 AM",16692,1222,1200
"5/11/2025, 3:15:08 PM",16562,1222,1200
"5/11/2025, 7:15:45 PM",16587,1222,1200
"5/11/2025, 11:16:18 PM",7618,1222,1200
"5/12/2025, 3:17:04 AM",9886,1222,1200
"5/12/2025, 7:17:52 AM",13695,1222,1200
"5/12/2025, 11:19:34 AM",15078,1222,1200
"5/12/2025, 3:20:19 PM",15445,1222,1200
"5/12/2025, 4:22:37 PM",15445,1222,1200
